name,build_date
Generator1,
Generator2,
Generator3,
Generator4,
Generator5,
Generator6,
Generator7,
Generator8,
Generator9,
Generator10,
Generator11,
Generator12,
Generator13,
Generator14,
Generator15,
Generator16,
Generator17,
Generator18,
Generator19,
Generator20,
Generator21,
Generator22,
Generator23,
Generator24,
Generator25,
Generator26,
Generator27,
Generator28,
Generator29,
Generator30,
Generator31,
Generator32,
Generator33,
Generator34,
Generator35,
Generator36,
Generator37,
Generator38,
Generator39,
Generator40,
Generator41,
Generator42,
Generator43,
Generator44,
Generator45,
Generator46,
Generator47,
Generator48,
Generator49,
Generator50,
Generator51,
Generator52,
Generator53,
Generator54,
Generator55,
Generator56,
Generator57,
Generator58,
Generator59,
Generator60,
Generator61,
Generator62,
Generator63,
Generator64,
Generator65,
Generator66,
Generator67,
Generator68,
Generator69,
Generator70,
Generator71,
Generator72,
Generator73,
Generator74,
Generator75,
Generator76,
Generator77,
Generator78,
Generator79,
Generator80,
Generator81,
Generator82,
Generator83,
Generator84,
Generator85,
Generator86,
Generator87,
Generator88,
Generator89,
Generator90,
Generator91,
Generator92,
Generator93,
Generator94,
Generator95,
Generator96,
Generator97,
Generator98,
Generator99,
Generator100,
Generator101,
Generator102,
Generator103,
Generator104,
Generator105,
Generator106,
Generator107,
Generator108,
Generator109,
Generator110,
Generator111,
Generator112,
Generator113,
Generator114,
Generator115,
Generator116,
Generator117,
Generator118,
Generator119,
Generator120,
Generator121,
Generator122,
Generator123,
Generator124,
Generator125,
Generator126,
Generator127,
Generator128,
Generator129,
Generator130,
Generator131,
Generator132,
Generator133,
Generator134,
Generator135,
Generator136,
Generator137,
Generator138,
Generator139,
Generator140,
Generator141,
Generator142,
Generator143,
Generator144,
Generator145,
Generator146,
Generator147,
Generator148,
