name,start,end
annual_day,P0D,P1D
annual_day,P1D,P2D
annual_day,P2D,P3D
annual_day,P3D,P4D
annual_day,P4D,P5D
annual_day,P5D,P6D
annual_day,P6D,P7D
annual_day,P7D,P8D
annual_day,P8D,P9D
annual_day,P9D,P10D
annual_day,P10D,P11D
annual_day,P11D,P12D
annual_day,P12D,P13D
annual_day,P13D,P14D
annual_day,P14D,P15D
annual_day,P15D,P16D
annual_day,P16D,P17D
annual_day,P17D,P18D
annual_day,P18D,P19D
annual_day,P19D,P20D
annual_day,P20D,P21D
annual_day,P21D,P22D
annual_day,P22D,P23D
annual_day,P23D,P24D
annual_day,P24D,P25D
annual_day,P25D,P26D
annual_day,P26D,P27D
annual_day,P27D,P28D
annual_day,P28D,P29D
annual_day,P29D,P30D
annual_day,P30D,P31D
annual_day,P31D,P32D
annual_day,P32D,P33D
annual_day,P33D,P34D
annual_day,P34D,P35D
annual_day,P35D,P36D
annual_day,P36D,P37D
annual_day,P37D,P38D
annual_day,P38D,P39D
annual_day,P39D,P40D
annual_day,P40D,P41D
annual_day,P41D,P42D
annual_day,P42D,P43D
annual_day,P43D,P44D
annual_day,P44D,P45D
annual_day,P45D,P46D
annual_day,P46D,P47D
annual_day,P47D,P48D
annual_day,P48D,P49D
annual_day,P49D,P50D
annual_day,P50D,P51D
annual_day,P51D,P52D
annual_day,P52D,P53D
annual_day,P53D,P54D
annual_day,P54D,P55D
annual_day,P55D,P56D
annual_day,P56D,P57D
annual_day,P57D,P58D
annual_day,P58D,P59D
annual_day,P59D,P60D
annual_day,P60D,P61D
annual_day,P61D,P62D
annual_day,P62D,P63D
annual_day,P63D,P64D
annual_day,P64D,P65D
annual_day,P65D,P66D
annual_day,P66D,P67D
annual_day,P67D,P68D
annual_day,P68D,P69D
annual_day,P69D,P70D
annual_day,P70D,P71D
annual_day,P71D,P72D
annual_day,P72D,P73D
annual_day,P73D,P74D
annual_day,P74D,P75D
annual_day,P75D,P76D
annual_day,P76D,P77D
annual_day,P77D,P78D
annual_day,P78D,P79D
annual_day,P79D,P80D
annual_day,P80D,P81D
annual_day,P81D,P82D
annual_day,P82D,P83D
annual_day,P83D,P84D
annual_day,P84D,P85D
annual_day,P85D,P86D
annual_day,P86D,P87D
annual_day,P87D,P88D
annual_day,P88D,P89D
annual_day,P89D,P90D
annual_day,P90D,P91D
annual_day,P91D,P92D
annual_day,P92D,P93D
annual_day,P93D,P94D
annual_day,P94D,P95D
annual_day,P95D,P96D
annual_day,P96D,P97D
annual_day,P97D,P98D
annual_day,P98D,P99D
annual_day,P99D,P100D
annual_day,P100D,P101D
annual_day,P101D,P102D
annual_day,P102D,P103D
annual_day,P103D,P104D
annual_day,P104D,P105D
annual_day,P105D,P106D
annual_day,P106D,P107D
annual_day,P107D,P108D
annual_day,P108D,P109D
annual_day,P109D,P110D
annual_day,P110D,P111D
annual_day,P111D,P112D
annual_day,P112D,P113D
annual_day,P113D,P114D
annual_day,P114D,P115D
annual_day,P115D,P116D
annual_day,P116D,P117D
annual_day,P117D,P118D
annual_day,P118D,P119D
annual_day,P119D,P120D
annual_day,P120D,P121D
annual_day,P121D,P122D
annual_day,P122D,P123D
annual_day,P123D,P124D
annual_day,P124D,P125D
annual_day,P125D,P126D
annual_day,P126D,P127D
annual_day,P127D,P128D
annual_day,P128D,P129D
annual_day,P129D,P130D
annual_day,P130D,P131D
annual_day,P131D,P132D
annual_day,P132D,P133D
annual_day,P133D,P134D
annual_day,P134D,P135D
annual_day,P135D,P136D
annual_day,P136D,P137D
annual_day,P137D,P138D
annual_day,P138D,P139D
annual_day,P139D,P140D
annual_day,P140D,P141D
annual_day,P141D,P142D
annual_day,P142D,P143D
annual_day,P143D,P144D
annual_day,P144D,P145D
annual_day,P145D,P146D
annual_day,P146D,P147D
annual_day,P147D,P148D
annual_day,P148D,P149D
annual_day,P149D,P150D
annual_day,P150D,P151D
annual_day,P151D,P152D
annual_day,P152D,P153D
annual_day,P153D,P154D
annual_day,P154D,P155D
annual_day,P155D,P156D
annual_day,P156D,P157D
annual_day,P157D,P158D
annual_day,P158D,P159D
annual_day,P159D,P160D
annual_day,P160D,P161D
annual_day,P161D,P162D
annual_day,P162D,P163D
annual_day,P163D,P164D
annual_day,P164D,P165D
annual_day,P165D,P166D
annual_day,P166D,P167D
annual_day,P167D,P168D
annual_day,P168D,P169D
annual_day,P169D,P170D
annual_day,P170D,P171D
annual_day,P171D,P172D
annual_day,P172D,P173D
annual_day,P173D,P174D
annual_day,P174D,P175D
annual_day,P175D,P176D
annual_day,P176D,P177D
annual_day,P177D,P178D
annual_day,P178D,P179D
annual_day,P179D,P180D
annual_day,P180D,P181D
annual_day,P181D,P182D
annual_day,P182D,P183D
annual_day,P183D,P184D
annual_day,P184D,P185D
annual_day,P185D,P186D
annual_day,P186D,P187D
annual_day,P187D,P188D
annual_day,P188D,P189D
annual_day,P189D,P190D
annual_day,P190D,P191D
annual_day,P191D,P192D
annual_day,P192D,P193D
annual_day,P193D,P194D
annual_day,P194D,P195D
annual_day,P195D,P196D
annual_day,P196D,P197D
annual_day,P197D,P198D
annual_day,P198D,P199D
annual_day,P199D,P200D
annual_day,P200D,P201D
annual_day,P201D,P202D
annual_day,P202D,P203D
annual_day,P203D,P204D
annual_day,P204D,P205D
annual_day,P205D,P206D
annual_day,P206D,P207D
annual_day,P207D,P208D
annual_day,P208D,P209D
annual_day,P209D,P210D
annual_day,P210D,P211D
annual_day,P211D,P212D
annual_day,P212D,P213D
annual_day,P213D,P214D
annual_day,P214D,P215D
annual_day,P215D,P216D
annual_day,P216D,P217D
annual_day,P217D,P218D
annual_day,P218D,P219D
annual_day,P219D,P220D
annual_day,P220D,P221D
annual_day,P221D,P222D
annual_day,P222D,P223D
annual_day,P223D,P224D
annual_day,P224D,P225D
annual_day,P225D,P226D
annual_day,P226D,P227D
annual_day,P227D,P228D
annual_day,P228D,P229D
annual_day,P229D,P230D
annual_day,P230D,P231D
annual_day,P231D,P232D
annual_day,P232D,P233D
annual_day,P233D,P234D
annual_day,P234D,P235D
annual_day,P235D,P236D
annual_day,P236D,P237D
annual_day,P237D,P238D
annual_day,P238D,P239D
annual_day,P239D,P240D
annual_day,P240D,P241D
annual_day,P241D,P242D
annual_day,P242D,P243D
annual_day,P243D,P244D
annual_day,P244D,P245D
annual_day,P245D,P246D
annual_day,P246D,P247D
annual_day,P247D,P248D
annual_day,P248D,P249D
annual_day,P249D,P250D
annual_day,P250D,P251D
annual_day,P251D,P252D
annual_day,P252D,P253D
annual_day,P253D,P254D
annual_day,P254D,P255D
annual_day,P255D,P256D
annual_day,P256D,P257D
annual_day,P257D,P258D
annual_day,P258D,P259D
annual_day,P259D,P260D
annual_day,P260D,P261D
annual_day,P261D,P262D
annual_day,P262D,P263D
annual_day,P263D,P264D
annual_day,P264D,P265D
annual_day,P265D,P266D
annual_day,P266D,P267D
annual_day,P267D,P268D
annual_day,P268D,P269D
annual_day,P269D,P270D
annual_day,P270D,P271D
annual_day,P271D,P272D
annual_day,P272D,P273D
annual_day,P273D,P274D
annual_day,P274D,P275D
annual_day,P275D,P276D
annual_day,P276D,P277D
annual_day,P277D,P278D
annual_day,P278D,P279D
annual_day,P279D,P280D
annual_day,P280D,P281D
annual_day,P281D,P282D
annual_day,P282D,P283D
annual_day,P283D,P284D
annual_day,P284D,P285D
annual_day,P285D,P286D
annual_day,P286D,P287D
annual_day,P287D,P288D
annual_day,P288D,P289D
annual_day,P289D,P290D
annual_day,P290D,P291D
annual_day,P291D,P292D
annual_day,P292D,P293D
annual_day,P293D,P294D
annual_day,P294D,P295D
annual_day,P295D,P296D
annual_day,P296D,P297D
annual_day,P297D,P298D
annual_day,P298D,P299D
annual_day,P299D,P300D
annual_day,P300D,P301D
annual_day,P301D,P302D
annual_day,P302D,P303D
annual_day,P303D,P304D
annual_day,P304D,P305D
annual_day,P305D,P306D
annual_day,P306D,P307D
annual_day,P307D,P308D
annual_day,P308D,P309D
annual_day,P309D,P310D
annual_day,P310D,P311D
annual_day,P311D,P312D
annual_day,P312D,P313D
annual_day,P313D,P314D
annual_day,P314D,P315D
annual_day,P315D,P316D
annual_day,P316D,P317D
annual_day,P317D,P318D
annual_day,P318D,P319D
annual_day,P319D,P320D
annual_day,P320D,P321D
annual_day,P321D,P322D
annual_day,P322D,P323D
annual_day,P323D,P324D
annual_day,P324D,P325D
annual_day,P325D,P326D
annual_day,P326D,P327D
annual_day,P327D,P328D
annual_day,P328D,P329D
annual_day,P329D,P330D
annual_day,P330D,P331D
annual_day,P331D,P332D
annual_day,P332D,P333D
annual_day,P333D,P334D
annual_day,P334D,P335D
annual_day,P335D,P336D
annual_day,P336D,P337D
annual_day,P337D,P338D
annual_day,P338D,P339D
annual_day,P339D,P340D
annual_day,P340D,P341D
annual_day,P341D,P342D
annual_day,P342D,P343D
annual_day,P343D,P344D
annual_day,P344D,P345D
annual_day,P345D,P346D
annual_day,P346D,P347D
annual_day,P347D,P348D
annual_day,P348D,P349D
annual_day,P349D,P350D
annual_day,P350D,P351D
annual_day,P351D,P352D
annual_day,P352D,P353D
annual_day,P353D,P354D
annual_day,P354D,P355D
annual_day,P355D,P356D
annual_day,P356D,P357D
annual_day,P357D,P358D
annual_day,P358D,P359D
annual_day,P359D,P360D
annual_day,P360D,P361D
annual_day,P361D,P362D
annual_day,P362D,P363D
annual_day,P363D,P364D
annual_day,P364D,P365D
