lad11nm,lad11cd,lad11nm_census_merged,lad11cd_census_merged,lad15nm,lad15cd,lad16nm,lad16cd,lad17nm,lad17cd,lad18nm,lad18cd
Hartlepool,E06000001,Hartlepool,E06000001,Hartlepool,E06000001,Hartlepool,E06000001,Hartlepool,E06000001,Hartlepool,E06000001
Middlesbrough,E06000002,Middlesbrough,E06000002,Middlesbrough,E06000002,Middlesbrough,E06000002,Middlesbrough,E06000002,Middlesbrough,E06000002
Redcar and Cleveland,E06000003,Redcar and Cleveland,E06000003,Redcar and Cleveland,E06000003,Redcar and Cleveland,E06000003,Redcar and Cleveland,E06000003,Redcar and Cleveland,E06000003
Stockton-on-Tees,E06000004,Stockton-on-Tees,E06000004,Stockton-on-Tees,E06000004,Stockton-on-Tees,E06000004,Stockton-on-Tees,E06000004,Stockton-on-Tees,E06000004
Darlington,E06000005,Darlington,E06000005,Darlington,E06000005,Darlington,E06000005,Darlington,E06000005,Darlington,E06000005
Halton,E06000006,Halton,E06000006,Halton,E06000006,Halton,E06000006,Halton,E06000006,Halton,E06000006
Warrington,E06000007,Warrington,E06000007,Warrington,E06000007,Warrington,E06000007,Warrington,E06000007,Warrington,E06000007
Blackburn with Darwen,E06000008,Blackburn with Darwen,E06000008,Blackburn with Darwen,E06000008,Blackburn with Darwen,E06000008,Blackburn with Darwen,E06000008,Blackburn with Darwen,E06000008
Blackpool,E06000009,Blackpool,E06000009,Blackpool,E06000009,Blackpool,E06000009,Blackpool,E06000009,Blackpool,E06000009
"Kingston upon Hull, City of",E06000010,"Kingston upon Hull, City of",E06000010,"Kingston upon Hull, City of",E06000010,"Kingston upon Hull, City of",E06000010,"Kingston upon Hull, City of",E06000010,"Kingston upon Hull, City of",E06000010
East Riding of Yorkshire,E06000011,East Riding of Yorkshire,E06000011,East Riding of Yorkshire,E06000011,East Riding of Yorkshire,E06000011,East Riding of Yorkshire,E06000011,East Riding of Yorkshire,E06000011
North East Lincolnshire,E06000012,North East Lincolnshire,E06000012,North East Lincolnshire,E06000012,North East Lincolnshire,E06000012,North East Lincolnshire,E06000012,North East Lincolnshire,E06000012
North Lincolnshire,E06000013,North Lincolnshire,E06000013,North Lincolnshire,E06000013,North Lincolnshire,E06000013,North Lincolnshire,E06000013,North Lincolnshire,E06000013
York,E06000014,York,E06000014,York,E06000014,York,E06000014,York,E06000014,York,E06000014
Derby,E06000015,Derby,E06000015,Derby,E06000015,Derby,E06000015,Derby,E06000015,Derby,E06000015
Leicester,E06000016,Leicester,E06000016,Leicester,E06000016,Leicester,E06000016,Leicester,E06000016,Leicester,E06000016
Rutland,E06000017,Rutland,E06000017,Rutland,E06000017,Rutland,E06000017,Rutland,E06000017,Rutland,E06000017
Nottingham,E06000018,Nottingham,E06000018,Nottingham,E06000018,Nottingham,E06000018,Nottingham,E06000018,Nottingham,E06000018
"Herefordshire, County of",E06000019,"Herefordshire, County of",E06000019,"Herefordshire, County of",E06000019,"Herefordshire, County of",E06000019,"Herefordshire, County of",E06000019,"Herefordshire, County of",E06000019
Telford and Wrekin,E06000020,Telford and Wrekin,E06000020,Telford and Wrekin,E06000020,Telford and Wrekin,E06000020,Telford and Wrekin,E06000020,Telford and Wrekin,E06000020
Stoke-on-Trent,E06000021,Stoke-on-Trent,E06000021,Stoke-on-Trent,E06000021,Stoke-on-Trent,E06000021,Stoke-on-Trent,E06000021,Stoke-on-Trent,E06000021
Bath and North East Somerset,E06000022,Bath and North East Somerset,E06000022,Bath and North East Somerset,E06000022,Bath and North East Somerset,E06000022,Bath and North East Somerset,E06000022,Bath and North East Somerset,E06000022
"Bristol, City of",E06000023,"Bristol, City of",E06000023,"Bristol, City of",E06000023,"Bristol, City of",E06000023,"Bristol, City of",E06000023,"Bristol, City of",E06000023
North Somerset,E06000024,North Somerset,E06000024,North Somerset,E06000024,North Somerset,E06000024,North Somerset,E06000024,North Somerset,E06000024
South Gloucestershire,E06000025,South Gloucestershire,E06000025,South Gloucestershire,E06000025,South Gloucestershire,E06000025,South Gloucestershire,E06000025,South Gloucestershire,E06000025
Plymouth,E06000026,Plymouth,E06000026,Plymouth,E06000026,Plymouth,E06000026,Plymouth,E06000026,Plymouth,E06000026
Torbay,E06000027,Torbay,E06000027,Torbay,E06000027,Torbay,E06000027,Torbay,E06000027,Torbay,E06000027
Bournemouth,E06000028,Bournemouth,E06000028,Bournemouth,E06000028,Bournemouth,E06000028,Bournemouth,E06000028,Bournemouth,E06000028
Poole,E06000029,Poole,E06000029,Poole,E06000029,Poole,E06000029,Poole,E06000029,Poole,E06000029
Swindon,E06000030,Swindon,E06000030,Swindon,E06000030,Swindon,E06000030,Swindon,E06000030,Swindon,E06000030
Peterborough,E06000031,Peterborough,E06000031,Peterborough,E06000031,Peterborough,E06000031,Peterborough,E06000031,Peterborough,E06000031
Luton,E06000032,Luton,E06000032,Luton,E06000032,Luton,E06000032,Luton,E06000032,Luton,E06000032
Southend-on-Sea,E06000033,Southend-on-Sea,E06000033,Southend-on-Sea,E06000033,Southend-on-Sea,E06000033,Southend-on-Sea,E06000033,Southend-on-Sea,E06000033
Thurrock,E06000034,Thurrock,E06000034,Thurrock,E06000034,Thurrock,E06000034,Thurrock,E06000034,Thurrock,E06000034
Medway,E06000035,Medway,E06000035,Medway,E06000035,Medway,E06000035,Medway,E06000035,Medway,E06000035
Bracknell Forest,E06000036,Bracknell Forest,E06000036,Bracknell Forest,E06000036,Bracknell Forest,E06000036,Bracknell Forest,E06000036,Bracknell Forest,E06000036
West Berkshire,E06000037,West Berkshire,E06000037,West Berkshire,E06000037,West Berkshire,E06000037,West Berkshire,E06000037,West Berkshire,E06000037
Reading,E06000038,Reading,E06000038,Reading,E06000038,Reading,E06000038,Reading,E06000038,Reading,E06000038
Slough,E06000039,Slough,E06000039,Slough,E06000039,Slough,E06000039,Slough,E06000039,Slough,E06000039
Windsor and Maidenhead,E06000040,Windsor and Maidenhead,E06000040,Windsor and Maidenhead,E06000040,Windsor and Maidenhead,E06000040,Windsor and Maidenhead,E06000040,Windsor and Maidenhead,E06000040
Wokingham,E06000041,Wokingham,E06000041,Wokingham,E06000041,Wokingham,E06000041,Wokingham,E06000041,Wokingham,E06000041
Milton Keynes,E06000042,Milton Keynes,E06000042,Milton Keynes,E06000042,Milton Keynes,E06000042,Milton Keynes,E06000042,Milton Keynes,E06000042
Brighton and Hove,E06000043,Brighton and Hove,E06000043,Brighton and Hove,E06000043,Brighton and Hove,E06000043,Brighton and Hove,E06000043,Brighton and Hove,E06000043
Portsmouth,E06000044,Portsmouth,E06000044,Portsmouth,E06000044,Portsmouth,E06000044,Portsmouth,E06000044,Portsmouth,E06000044
Southampton,E06000045,Southampton,E06000045,Southampton,E06000045,Southampton,E06000045,Southampton,E06000045,Southampton,E06000045
Isle of Wight,E06000046,Isle of Wight,E06000046,Isle of Wight,E06000046,Isle of Wight,E06000046,Isle of Wight,E06000046,Isle of Wight,E06000046
County Durham,E06000047,County Durham,E06000047,County Durham,E06000047,County Durham,E06000047,County Durham,E06000047,County Durham,E06000047
Northumberland,E06000048,Northumberland,E06000048,Northumberland,E06000057,Northumberland,E06000057,Northumberland,E06000057,Northumberland,E06000057
Cheshire East,E06000049,Cheshire East,E06000049,Cheshire East,E06000049,Cheshire East,E06000049,Cheshire East,E06000049,Cheshire East,E06000049
Cheshire West and Chester,E06000050,Cheshire West and Chester,E06000050,Cheshire West and Chester,E06000050,Cheshire West and Chester,E06000050,Cheshire West and Chester,E06000050,Cheshire West and Chester,E06000050
Shropshire,E06000051,Shropshire,E06000051,Shropshire,E06000051,Shropshire,E06000051,Shropshire,E06000051,Shropshire,E06000051
Cornwall,E06000052,"Cornwall,Isles of Scilly",E41000052,Cornwall,E06000052,Cornwall,E06000052,Cornwall,E06000052,Cornwall,E06000052
Isles of Scilly,E06000053,"Cornwall,Isles of Scilly",E41000052,Isles of Scilly,E06000053,Isles of Scilly,E06000053,Isles of Scilly,E06000053,Isles of Scilly,E06000053
Wiltshire,E06000054,Wiltshire,E06000054,Wiltshire,E06000054,Wiltshire,E06000054,Wiltshire,E06000054,Wiltshire,E06000054
Bedford,E06000055,Bedford,E06000055,Bedford,E06000055,Bedford,E06000055,Bedford,E06000055,Bedford,E06000055
Central Bedfordshire,E06000056,Central Bedfordshire,E06000056,Central Bedfordshire,E06000056,Central Bedfordshire,E06000056,Central Bedfordshire,E06000056,Central Bedfordshire,E06000056
Aylesbury Vale,E07000004,Aylesbury Vale,E07000004,Aylesbury Vale,E07000004,Aylesbury Vale,E07000004,Aylesbury Vale,E07000004,Aylesbury Vale,E07000004
Chiltern,E07000005,Chiltern,E07000005,Chiltern,E07000005,Chiltern,E07000005,Chiltern,E07000005,Chiltern,E07000005
South Bucks,E07000006,South Bucks,E07000006,South Bucks,E07000006,South Bucks,E07000006,South Bucks,E07000006,South Bucks,E07000006
Wycombe,E07000007,Wycombe,E07000007,Wycombe,E07000007,Wycombe,E07000007,Wycombe,E07000007,Wycombe,E07000007
Cambridge,E07000008,Cambridge,E07000008,Cambridge,E07000008,Cambridge,E07000008,Cambridge,E07000008,Cambridge,E07000008
East Cambridgeshire,E07000009,East Cambridgeshire,E07000009,East Cambridgeshire,E07000009,East Cambridgeshire,E07000009,East Cambridgeshire,E07000009,East Cambridgeshire,E07000009
Fenland,E07000010,Fenland,E07000010,Fenland,E07000010,Fenland,E07000010,Fenland,E07000010,Fenland,E07000010
Huntingdonshire,E07000011,Huntingdonshire,E07000011,Huntingdonshire,E07000011,Huntingdonshire,E07000011,Huntingdonshire,E07000011,Huntingdonshire,E07000011
South Cambridgeshire,E07000012,South Cambridgeshire,E07000012,South Cambridgeshire,E07000012,South Cambridgeshire,E07000012,South Cambridgeshire,E07000012,South Cambridgeshire,E07000012
Allerdale,E07000026,Allerdale,E07000026,Allerdale,E07000026,Allerdale,E07000026,Allerdale,E07000026,Allerdale,E07000026
Barrow-in-Furness,E07000027,Barrow-in-Furness,E07000027,Barrow-in-Furness,E07000027,Barrow-in-Furness,E07000027,Barrow-in-Furness,E07000027,Barrow-in-Furness,E07000027
Carlisle,E07000028,Carlisle,E07000028,Carlisle,E07000028,Carlisle,E07000028,Carlisle,E07000028,Carlisle,E07000028
Copeland,E07000029,Copeland,E07000029,Copeland,E07000029,Copeland,E07000029,Copeland,E07000029,Copeland,E07000029
Eden,E07000030,Eden,E07000030,Eden,E07000030,Eden,E07000030,Eden,E07000030,Eden,E07000030
South Lakeland,E07000031,South Lakeland,E07000031,South Lakeland,E07000031,South Lakeland,E07000031,South Lakeland,E07000031,South Lakeland,E07000031
Amber Valley,E07000032,Amber Valley,E07000032,Amber Valley,E07000032,Amber Valley,E07000032,Amber Valley,E07000032,Amber Valley,E07000032
Bolsover,E07000033,Bolsover,E07000033,Bolsover,E07000033,Bolsover,E07000033,Bolsover,E07000033,Bolsover,E07000033
Chesterfield,E07000034,Chesterfield,E07000034,Chesterfield,E07000034,Chesterfield,E07000034,Chesterfield,E07000034,Chesterfield,E07000034
Derbyshire Dales,E07000035,Derbyshire Dales,E07000035,Derbyshire Dales,E07000035,Derbyshire Dales,E07000035,Derbyshire Dales,E07000035,Derbyshire Dales,E07000035
Erewash,E07000036,Erewash,E07000036,Erewash,E07000036,Erewash,E07000036,Erewash,E07000036,Erewash,E07000036
High Peak,E07000037,High Peak,E07000037,High Peak,E07000037,High Peak,E07000037,High Peak,E07000037,High Peak,E07000037
North East Derbyshire,E07000038,North East Derbyshire,E07000038,North East Derbyshire,E07000038,North East Derbyshire,E07000038,North East Derbyshire,E07000038,North East Derbyshire,E07000038
South Derbyshire,E07000039,South Derbyshire,E07000039,South Derbyshire,E07000039,South Derbyshire,E07000039,South Derbyshire,E07000039,South Derbyshire,E07000039
East Devon,E07000040,East Devon,E07000040,East Devon,E07000040,East Devon,E07000040,East Devon,E07000040,East Devon,E07000040
Exeter,E07000041,Exeter,E07000041,Exeter,E07000041,Exeter,E07000041,Exeter,E07000041,Exeter,E07000041
Mid Devon,E07000042,Mid Devon,E07000042,Mid Devon,E07000042,Mid Devon,E07000042,Mid Devon,E07000042,Mid Devon,E07000042
North Devon,E07000043,North Devon,E07000043,North Devon,E07000043,North Devon,E07000043,North Devon,E07000043,North Devon,E07000043
South Hams,E07000044,South Hams,E07000044,South Hams,E07000044,South Hams,E07000044,South Hams,E07000044,South Hams,E07000044
Teignbridge,E07000045,Teignbridge,E07000045,Teignbridge,E07000045,Teignbridge,E07000045,Teignbridge,E07000045,Teignbridge,E07000045
Torridge,E07000046,Torridge,E07000046,Torridge,E07000046,Torridge,E07000046,Torridge,E07000046,Torridge,E07000046
West Devon,E07000047,West Devon,E07000047,West Devon,E07000047,West Devon,E07000047,West Devon,E07000047,West Devon,E07000047
Christchurch,E07000048,Christchurch,E07000048,Christchurch,E07000048,Christchurch,E07000048,Christchurch,E07000048,Christchurch,E07000048
East Dorset,E07000049,East Dorset,E07000049,East Dorset,E07000049,East Dorset,E07000049,East Dorset,E07000049,East Dorset,E07000049
North Dorset,E07000050,North Dorset,E07000050,North Dorset,E07000050,North Dorset,E07000050,North Dorset,E07000050,North Dorset,E07000050
Purbeck,E07000051,Purbeck,E07000051,Purbeck,E07000051,Purbeck,E07000051,Purbeck,E07000051,Purbeck,E07000051
West Dorset,E07000052,West Dorset,E07000052,West Dorset,E07000052,West Dorset,E07000052,West Dorset,E07000052,West Dorset,E07000052
Weymouth and Portland,E07000053,Weymouth and Portland,E07000053,Weymouth and Portland,E07000053,Weymouth and Portland,E07000053,Weymouth and Portland,E07000053,Weymouth and Portland,E07000053
Eastbourne,E07000061,Eastbourne,E07000061,Eastbourne,E07000061,Eastbourne,E07000061,Eastbourne,E07000061,Eastbourne,E07000061
Hastings,E07000062,Hastings,E07000062,Hastings,E07000062,Hastings,E07000062,Hastings,E07000062,Hastings,E07000062
Lewes,E07000063,Lewes,E07000063,Lewes,E07000063,Lewes,E07000063,Lewes,E07000063,Lewes,E07000063
Rother,E07000064,Rother,E07000064,Rother,E07000064,Rother,E07000064,Rother,E07000064,Rother,E07000064
Wealden,E07000065,Wealden,E07000065,Wealden,E07000065,Wealden,E07000065,Wealden,E07000065,Wealden,E07000065
Basildon,E07000066,Basildon,E07000066,Basildon,E07000066,Basildon,E07000066,Basildon,E07000066,Basildon,E07000066
Braintree,E07000067,Braintree,E07000067,Braintree,E07000067,Braintree,E07000067,Braintree,E07000067,Braintree,E07000067
Brentwood,E07000068,Brentwood,E07000068,Brentwood,E07000068,Brentwood,E07000068,Brentwood,E07000068,Brentwood,E07000068
Castle Point,E07000069,Castle Point,E07000069,Castle Point,E07000069,Castle Point,E07000069,Castle Point,E07000069,Castle Point,E07000069
Chelmsford,E07000070,Chelmsford,E07000070,Chelmsford,E07000070,Chelmsford,E07000070,Chelmsford,E07000070,Chelmsford,E07000070
Colchester,E07000071,Colchester,E07000071,Colchester,E07000071,Colchester,E07000071,Colchester,E07000071,Colchester,E07000071
Epping Forest,E07000072,Epping Forest,E07000072,Epping Forest,E07000072,Epping Forest,E07000072,Epping Forest,E07000072,Epping Forest,E07000072
Harlow,E07000073,Harlow,E07000073,Harlow,E07000073,Harlow,E07000073,Harlow,E07000073,Harlow,E07000073
Maldon,E07000074,Maldon,E07000074,Maldon,E07000074,Maldon,E07000074,Maldon,E07000074,Maldon,E07000074
Rochford,E07000075,Rochford,E07000075,Rochford,E07000075,Rochford,E07000075,Rochford,E07000075,Rochford,E07000075
Tendring,E07000076,Tendring,E07000076,Tendring,E07000076,Tendring,E07000076,Tendring,E07000076,Tendring,E07000076
Uttlesford,E07000077,Uttlesford,E07000077,Uttlesford,E07000077,Uttlesford,E07000077,Uttlesford,E07000077,Uttlesford,E07000077
Cheltenham,E07000078,Cheltenham,E07000078,Cheltenham,E07000078,Cheltenham,E07000078,Cheltenham,E07000078,Cheltenham,E07000078
Cotswold,E07000079,Cotswold,E07000079,Cotswold,E07000079,Cotswold,E07000079,Cotswold,E07000079,Cotswold,E07000079
Forest of Dean,E07000080,Forest of Dean,E07000080,Forest of Dean,E07000080,Forest of Dean,E07000080,Forest of Dean,E07000080,Forest of Dean,E07000080
Gloucester,E07000081,Gloucester,E07000081,Gloucester,E07000081,Gloucester,E07000081,Gloucester,E07000081,Gloucester,E07000081
Stroud,E07000082,Stroud,E07000082,Stroud,E07000082,Stroud,E07000082,Stroud,E07000082,Stroud,E07000082
Tewkesbury,E07000083,Tewkesbury,E07000083,Tewkesbury,E07000083,Tewkesbury,E07000083,Tewkesbury,E07000083,Tewkesbury,E07000083
Basingstoke and Deane,E07000084,Basingstoke and Deane,E07000084,Basingstoke and Deane,E07000084,Basingstoke and Deane,E07000084,Basingstoke and Deane,E07000084,Basingstoke and Deane,E07000084
East Hampshire,E07000085,East Hampshire,E07000085,East Hampshire,E07000085,East Hampshire,E07000085,East Hampshire,E07000085,East Hampshire,E07000085
Eastleigh,E07000086,Eastleigh,E07000086,Eastleigh,E07000086,Eastleigh,E07000086,Eastleigh,E07000086,Eastleigh,E07000086
Fareham,E07000087,Fareham,E07000087,Fareham,E07000087,Fareham,E07000087,Fareham,E07000087,Fareham,E07000087
Gosport,E07000088,Gosport,E07000088,Gosport,E07000088,Gosport,E07000088,Gosport,E07000088,Gosport,E07000088
Hart,E07000089,Hart,E07000089,Hart,E07000089,Hart,E07000089,Hart,E07000089,Hart,E07000089
Havant,E07000090,Havant,E07000090,Havant,E07000090,Havant,E07000090,Havant,E07000090,Havant,E07000090
New Forest,E07000091,New Forest,E07000091,New Forest,E07000091,New Forest,E07000091,New Forest,E07000091,New Forest,E07000091
Rushmoor,E07000092,Rushmoor,E07000092,Rushmoor,E07000092,Rushmoor,E07000092,Rushmoor,E07000092,Rushmoor,E07000092
Test Valley,E07000093,Test Valley,E07000093,Test Valley,E07000093,Test Valley,E07000093,Test Valley,E07000093,Test Valley,E07000093
Winchester,E07000094,Winchester,E07000094,Winchester,E07000094,Winchester,E07000094,Winchester,E07000094,Winchester,E07000094
Broxbourne,E07000095,Broxbourne,E07000095,Broxbourne,E07000095,Broxbourne,E07000095,Broxbourne,E07000095,Broxbourne,E07000095
Dacorum,E07000096,Dacorum,E07000096,Dacorum,E07000096,Dacorum,E07000096,Dacorum,E07000096,Dacorum,E07000096
East Hertfordshire,E07000097,East Hertfordshire,E07000097,East Hertfordshire,E07000242,East Hertfordshire,E07000242,East Hertfordshire,E07000242,East Hertfordshire,E07000242
Hertsmere,E07000098,Hertsmere,E07000098,Hertsmere,E07000098,Hertsmere,E07000098,Hertsmere,E07000098,Hertsmere,E07000098
North Hertfordshire,E07000099,North Hertfordshire,E07000099,North Hertfordshire,E07000099,North Hertfordshire,E07000099,North Hertfordshire,E07000099,North Hertfordshire,E07000099
St Albans,E07000100,St Albans,E07000100,St Albans,E07000240,St Albans,E07000240,St Albans,E07000240,St Albans,E07000240
Stevenage,E07000101,Stevenage,E07000101,Stevenage,E07000243,Stevenage,E07000243,Stevenage,E07000243,Stevenage,E07000243
Three Rivers,E07000102,Three Rivers,E07000102,Three Rivers,E07000102,Three Rivers,E07000102,Three Rivers,E07000102,Three Rivers,E07000102
Watford,E07000103,Watford,E07000103,Watford,E07000103,Watford,E07000103,Watford,E07000103,Watford,E07000103
Welwyn Hatfield,E07000104,Welwyn Hatfield,E07000104,Welwyn Hatfield,E07000241,Welwyn Hatfield,E07000241,Welwyn Hatfield,E07000241,Welwyn Hatfield,E07000241
Ashford,E07000105,Ashford,E07000105,Ashford,E07000105,Ashford,E07000105,Ashford,E07000105,Ashford,E07000105
Canterbury,E07000106,Canterbury,E07000106,Canterbury,E07000106,Canterbury,E07000106,Canterbury,E07000106,Canterbury,E07000106
Dartford,E07000107,Dartford,E07000107,Dartford,E07000107,Dartford,E07000107,Dartford,E07000107,Dartford,E07000107
Dover,E07000108,Dover,E07000108,Dover,E07000108,Dover,E07000108,Dover,E07000108,Dover,E07000108
Gravesham,E07000109,Gravesham,E07000109,Gravesham,E07000109,Gravesham,E07000109,Gravesham,E07000109,Gravesham,E07000109
Maidstone,E07000110,Maidstone,E07000110,Maidstone,E07000110,Maidstone,E07000110,Maidstone,E07000110,Maidstone,E07000110
Sevenoaks,E07000111,Sevenoaks,E07000111,Sevenoaks,E07000111,Sevenoaks,E07000111,Sevenoaks,E07000111,Sevenoaks,E07000111
Shepway,E07000112,Shepway,E07000112,Shepway,E07000112,Shepway,E07000112,Shepway,E07000112,Folkestone and Hythe,E07000112
Swale,E07000113,Swale,E07000113,Swale,E07000113,Swale,E07000113,Swale,E07000113,Swale,E07000113
Thanet,E07000114,Thanet,E07000114,Thanet,E07000114,Thanet,E07000114,Thanet,E07000114,Thanet,E07000114
Tonbridge and Malling,E07000115,Tonbridge and Malling,E07000115,Tonbridge and Malling,E07000115,Tonbridge and Malling,E07000115,Tonbridge and Malling,E07000115,Tonbridge and Malling,E07000115
Tunbridge Wells,E07000116,Tunbridge Wells,E07000116,Tunbridge Wells,E07000116,Tunbridge Wells,E07000116,Tunbridge Wells,E07000116,Tunbridge Wells,E07000116
Burnley,E07000117,Burnley,E07000117,Burnley,E07000117,Burnley,E07000117,Burnley,E07000117,Burnley,E07000117
Chorley,E07000118,Chorley,E07000118,Chorley,E07000118,Chorley,E07000118,Chorley,E07000118,Chorley,E07000118
Fylde,E07000119,Fylde,E07000119,Fylde,E07000119,Fylde,E07000119,Fylde,E07000119,Fylde,E07000119
Hyndburn,E07000120,Hyndburn,E07000120,Hyndburn,E07000120,Hyndburn,E07000120,Hyndburn,E07000120,Hyndburn,E07000120
Lancaster,E07000121,Lancaster,E07000121,Lancaster,E07000121,Lancaster,E07000121,Lancaster,E07000121,Lancaster,E07000121
Pendle,E07000122,Pendle,E07000122,Pendle,E07000122,Pendle,E07000122,Pendle,E07000122,Pendle,E07000122
Preston,E07000123,Preston,E07000123,Preston,E07000123,Preston,E07000123,Preston,E07000123,Preston,E07000123
Ribble Valley,E07000124,Ribble Valley,E07000124,Ribble Valley,E07000124,Ribble Valley,E07000124,Ribble Valley,E07000124,Ribble Valley,E07000124
Rossendale,E07000125,Rossendale,E07000125,Rossendale,E07000125,Rossendale,E07000125,Rossendale,E07000125,Rossendale,E07000125
South Ribble,E07000126,South Ribble,E07000126,South Ribble,E07000126,South Ribble,E07000126,South Ribble,E07000126,South Ribble,E07000126
West Lancashire,E07000127,West Lancashire,E07000127,West Lancashire,E07000127,West Lancashire,E07000127,West Lancashire,E07000127,West Lancashire,E07000127
Wyre,E07000128,Wyre,E07000128,Wyre,E07000128,Wyre,E07000128,Wyre,E07000128,Wyre,E07000128
Blaby,E07000129,Blaby,E07000129,Blaby,E07000129,Blaby,E07000129,Blaby,E07000129,Blaby,E07000129
Charnwood,E07000130,Charnwood,E07000130,Charnwood,E07000130,Charnwood,E07000130,Charnwood,E07000130,Charnwood,E07000130
Harborough,E07000131,Harborough,E07000131,Harborough,E07000131,Harborough,E07000131,Harborough,E07000131,Harborough,E07000131
Hinckley and Bosworth,E07000132,Hinckley and Bosworth,E07000132,Hinckley and Bosworth,E07000132,Hinckley and Bosworth,E07000132,Hinckley and Bosworth,E07000132,Hinckley and Bosworth,E07000132
Melton,E07000133,Melton,E07000133,Melton,E07000133,Melton,E07000133,Melton,E07000133,Melton,E07000133
North West Leicestershire,E07000134,North West Leicestershire,E07000134,North West Leicestershire,E07000134,North West Leicestershire,E07000134,North West Leicestershire,E07000134,North West Leicestershire,E07000134
Oadby and Wigston,E07000135,Oadby and Wigston,E07000135,Oadby and Wigston,E07000135,Oadby and Wigston,E07000135,Oadby and Wigston,E07000135,Oadby and Wigston,E07000135
Boston,E07000136,Boston,E07000136,Boston,E07000136,Boston,E07000136,Boston,E07000136,Boston,E07000136
East Lindsey,E07000137,East Lindsey,E07000137,East Lindsey,E07000137,East Lindsey,E07000137,East Lindsey,E07000137,East Lindsey,E07000137
Lincoln,E07000138,Lincoln,E07000138,Lincoln,E07000138,Lincoln,E07000138,Lincoln,E07000138,Lincoln,E07000138
North Kesteven,E07000139,North Kesteven,E07000139,North Kesteven,E07000139,North Kesteven,E07000139,North Kesteven,E07000139,North Kesteven,E07000139
South Holland,E07000140,South Holland,E07000140,South Holland,E07000140,South Holland,E07000140,South Holland,E07000140,South Holland,E07000140
South Kesteven,E07000141,South Kesteven,E07000141,South Kesteven,E07000141,South Kesteven,E07000141,South Kesteven,E07000141,South Kesteven,E07000141
West Lindsey,E07000142,West Lindsey,E07000142,West Lindsey,E07000142,West Lindsey,E07000142,West Lindsey,E07000142,West Lindsey,E07000142
Breckland,E07000143,Breckland,E07000143,Breckland,E07000143,Breckland,E07000143,Breckland,E07000143,Breckland,E07000143
Broadland,E07000144,Broadland,E07000144,Broadland,E07000144,Broadland,E07000144,Broadland,E07000144,Broadland,E07000144
Great Yarmouth,E07000145,Great Yarmouth,E07000145,Great Yarmouth,E07000145,Great Yarmouth,E07000145,Great Yarmouth,E07000145,Great Yarmouth,E07000145
King's Lynn and West Norfolk,E07000146,King's Lynn and West Norfolk,E07000146,King's Lynn and West Norfolk,E07000146,King's Lynn and West Norfolk,E07000146,King's Lynn and West Norfolk,E07000146,King's Lynn and West Norfolk,E07000146
North Norfolk,E07000147,North Norfolk,E07000147,North Norfolk,E07000147,North Norfolk,E07000147,North Norfolk,E07000147,North Norfolk,E07000147
Norwich,E07000148,Norwich,E07000148,Norwich,E07000148,Norwich,E07000148,Norwich,E07000148,Norwich,E07000148
South Norfolk,E07000149,South Norfolk,E07000149,South Norfolk,E07000149,South Norfolk,E07000149,South Norfolk,E07000149,South Norfolk,E07000149
Corby,E07000150,Corby,E07000150,Corby,E07000150,Corby,E07000150,Corby,E07000150,Corby,E07000150
Daventry,E07000151,Daventry,E07000151,Daventry,E07000151,Daventry,E07000151,Daventry,E07000151,Daventry,E07000151
East Northamptonshire,E07000152,East Northamptonshire,E07000152,East Northamptonshire,E07000152,East Northamptonshire,E07000152,East Northamptonshire,E07000152,East Northamptonshire,E07000152
Kettering,E07000153,Kettering,E07000153,Kettering,E07000153,Kettering,E07000153,Kettering,E07000153,Kettering,E07000153
Northampton,E07000154,Northampton,E07000154,Northampton,E07000154,Northampton,E07000154,Northampton,E07000154,Northampton,E07000154
South Northamptonshire,E07000155,South Northamptonshire,E07000155,South Northamptonshire,E07000155,South Northamptonshire,E07000155,South Northamptonshire,E07000155,South Northamptonshire,E07000155
Wellingborough,E07000156,Wellingborough,E07000156,Wellingborough,E07000156,Wellingborough,E07000156,Wellingborough,E07000156,Wellingborough,E07000156
Craven,E07000163,Craven,E07000163,Craven,E07000163,Craven,E07000163,Craven,E07000163,Craven,E07000163
Hambleton,E07000164,Hambleton,E07000164,Hambleton,E07000164,Hambleton,E07000164,Hambleton,E07000164,Hambleton,E07000164
Harrogate,E07000165,Harrogate,E07000165,Harrogate,E07000165,Harrogate,E07000165,Harrogate,E07000165,Harrogate,E07000165
Richmondshire,E07000166,Richmondshire,E07000166,Richmondshire,E07000166,Richmondshire,E07000166,Richmondshire,E07000166,Richmondshire,E07000166
Ryedale,E07000167,Ryedale,E07000167,Ryedale,E07000167,Ryedale,E07000167,Ryedale,E07000167,Ryedale,E07000167
Scarborough,E07000168,Scarborough,E07000168,Scarborough,E07000168,Scarborough,E07000168,Scarborough,E07000168,Scarborough,E07000168
Selby,E07000169,Selby,E07000169,Selby,E07000169,Selby,E07000169,Selby,E07000169,Selby,E07000169
Ashfield,E07000170,Ashfield,E07000170,Ashfield,E07000170,Ashfield,E07000170,Ashfield,E07000170,Ashfield,E07000170
Bassetlaw,E07000171,Bassetlaw,E07000171,Bassetlaw,E07000171,Bassetlaw,E07000171,Bassetlaw,E07000171,Bassetlaw,E07000171
Broxtowe,E07000172,Broxtowe,E07000172,Broxtowe,E07000172,Broxtowe,E07000172,Broxtowe,E07000172,Broxtowe,E07000172
Gedling,E07000173,Gedling,E07000173,Gedling,E07000173,Gedling,E07000173,Gedling,E07000173,Gedling,E07000173
Mansfield,E07000174,Mansfield,E07000174,Mansfield,E07000174,Mansfield,E07000174,Mansfield,E07000174,Mansfield,E07000174
Newark and Sherwood,E07000175,Newark and Sherwood,E07000175,Newark and Sherwood,E07000175,Newark and Sherwood,E07000175,Newark and Sherwood,E07000175,Newark and Sherwood,E07000175
Rushcliffe,E07000176,Rushcliffe,E07000176,Rushcliffe,E07000176,Rushcliffe,E07000176,Rushcliffe,E07000176,Rushcliffe,E07000176
Cherwell,E07000177,Cherwell,E07000177,Cherwell,E07000177,Cherwell,E07000177,Cherwell,E07000177,Cherwell,E07000177
Oxford,E07000178,Oxford,E07000178,Oxford,E07000178,Oxford,E07000178,Oxford,E07000178,Oxford,E07000178
South Oxfordshire,E07000179,South Oxfordshire,E07000179,South Oxfordshire,E07000179,South Oxfordshire,E07000179,South Oxfordshire,E07000179,South Oxfordshire,E07000179
Vale of White Horse,E07000180,Vale of White Horse,E07000180,Vale of White Horse,E07000180,Vale of White Horse,E07000180,Vale of White Horse,E07000180,Vale of White Horse,E07000180
West Oxfordshire,E07000181,West Oxfordshire,E07000181,West Oxfordshire,E07000181,West Oxfordshire,E07000181,West Oxfordshire,E07000181,West Oxfordshire,E07000181
Mendip,E07000187,Mendip,E07000187,Mendip,E07000187,Mendip,E07000187,Mendip,E07000187,Mendip,E07000187
Sedgemoor,E07000188,Sedgemoor,E07000188,Sedgemoor,E07000188,Sedgemoor,E07000188,Sedgemoor,E07000188,Sedgemoor,E07000188
South Somerset,E07000189,South Somerset,E07000189,South Somerset,E07000189,South Somerset,E07000189,South Somerset,E07000189,South Somerset,E07000189
Taunton Deane,E07000190,Taunton Deane,E07000190,Taunton Deane,E07000190,Taunton Deane,E07000190,Taunton Deane,E07000190,Taunton Deane,E07000190
West Somerset,E07000191,West Somerset,E07000191,West Somerset,E07000191,West Somerset,E07000191,West Somerset,E07000191,West Somerset,E07000191
Cannock Chase,E07000192,Cannock Chase,E07000192,Cannock Chase,E07000192,Cannock Chase,E07000192,Cannock Chase,E07000192,Cannock Chase,E07000192
East Staffordshire,E07000193,East Staffordshire,E07000193,East Staffordshire,E07000193,East Staffordshire,E07000193,East Staffordshire,E07000193,East Staffordshire,E07000193
Lichfield,E07000194,Lichfield,E07000194,Lichfield,E07000194,Lichfield,E07000194,Lichfield,E07000194,Lichfield,E07000194
Newcastle-under-Lyme,E07000195,Newcastle-under-Lyme,E07000195,Newcastle-under-Lyme,E07000195,Newcastle-under-Lyme,E07000195,Newcastle-under-Lyme,E07000195,Newcastle-under-Lyme,E07000195
South Staffordshire,E07000196,South Staffordshire,E07000196,South Staffordshire,E07000196,South Staffordshire,E07000196,South Staffordshire,E07000196,South Staffordshire,E07000196
Stafford,E07000197,Stafford,E07000197,Stafford,E07000197,Stafford,E07000197,Stafford,E07000197,Stafford,E07000197
Staffordshire Moorlands,E07000198,Staffordshire Moorlands,E07000198,Staffordshire Moorlands,E07000198,Staffordshire Moorlands,E07000198,Staffordshire Moorlands,E07000198,Staffordshire Moorlands,E07000198
Tamworth,E07000199,Tamworth,E07000199,Tamworth,E07000199,Tamworth,E07000199,Tamworth,E07000199,Tamworth,E07000199
Babergh,E07000200,Babergh,E07000200,Babergh,E07000200,Babergh,E07000200,Babergh,E07000200,Babergh,E07000200
Forest Heath,E07000201,Forest Heath,E07000201,Forest Heath,E07000201,Forest Heath,E07000201,Forest Heath,E07000201,Forest Heath,E07000201
Ipswich,E07000202,Ipswich,E07000202,Ipswich,E07000202,Ipswich,E07000202,Ipswich,E07000202,Ipswich,E07000202
Mid Suffolk,E07000203,Mid Suffolk,E07000203,Mid Suffolk,E07000203,Mid Suffolk,E07000203,Mid Suffolk,E07000203,Mid Suffolk,E07000203
St Edmundsbury,E07000204,St Edmundsbury,E07000204,St Edmundsbury,E07000204,St Edmundsbury,E07000204,St Edmundsbury,E07000204,St Edmundsbury,E07000204
Suffolk Coastal,E07000205,Suffolk Coastal,E07000205,Suffolk Coastal,E07000205,Suffolk Coastal,E07000205,Suffolk Coastal,E07000205,Suffolk Coastal,E07000205
Waveney,E07000206,Waveney,E07000206,Waveney,E07000206,Waveney,E07000206,Waveney,E07000206,Waveney,E07000206
Elmbridge,E07000207,Elmbridge,E07000207,Elmbridge,E07000207,Elmbridge,E07000207,Elmbridge,E07000207,Elmbridge,E07000207
Epsom and Ewell,E07000208,Epsom and Ewell,E07000208,Epsom and Ewell,E07000208,Epsom and Ewell,E07000208,Epsom and Ewell,E07000208,Epsom and Ewell,E07000208
Guildford,E07000209,Guildford,E07000209,Guildford,E07000209,Guildford,E07000209,Guildford,E07000209,Guildford,E07000209
Mole Valley,E07000210,Mole Valley,E07000210,Mole Valley,E07000210,Mole Valley,E07000210,Mole Valley,E07000210,Mole Valley,E07000210
Reigate and Banstead,E07000211,Reigate and Banstead,E07000211,Reigate and Banstead,E07000211,Reigate and Banstead,E07000211,Reigate and Banstead,E07000211,Reigate and Banstead,E07000211
Runnymede,E07000212,Runnymede,E07000212,Runnymede,E07000212,Runnymede,E07000212,Runnymede,E07000212,Runnymede,E07000212
Spelthorne,E07000213,Spelthorne,E07000213,Spelthorne,E07000213,Spelthorne,E07000213,Spelthorne,E07000213,Spelthorne,E07000213
Surrey Heath,E07000214,Surrey Heath,E07000214,Surrey Heath,E07000214,Surrey Heath,E07000214,Surrey Heath,E07000214,Surrey Heath,E07000214
Tandridge,E07000215,Tandridge,E07000215,Tandridge,E07000215,Tandridge,E07000215,Tandridge,E07000215,Tandridge,E07000215
Waverley,E07000216,Waverley,E07000216,Waverley,E07000216,Waverley,E07000216,Waverley,E07000216,Waverley,E07000216
Woking,E07000217,Woking,E07000217,Woking,E07000217,Woking,E07000217,Woking,E07000217,Woking,E07000217
North Warwickshire,E07000218,North Warwickshire,E07000218,North Warwickshire,E07000218,North Warwickshire,E07000218,North Warwickshire,E07000218,North Warwickshire,E07000218
Nuneaton and Bedworth,E07000219,Nuneaton and Bedworth,E07000219,Nuneaton and Bedworth,E07000219,Nuneaton and Bedworth,E07000219,Nuneaton and Bedworth,E07000219,Nuneaton and Bedworth,E07000219
Rugby,E07000220,Rugby,E07000220,Rugby,E07000220,Rugby,E07000220,Rugby,E07000220,Rugby,E07000220
Stratford-on-Avon,E07000221,Stratford-on-Avon,E07000221,Stratford-on-Avon,E07000221,Stratford-on-Avon,E07000221,Stratford-on-Avon,E07000221,Stratford-on-Avon,E07000221
Warwick,E07000222,Warwick,E07000222,Warwick,E07000222,Warwick,E07000222,Warwick,E07000222,Warwick,E07000222
Adur,E07000223,Adur,E07000223,Adur,E07000223,Adur,E07000223,Adur,E07000223,Adur,E07000223
Arun,E07000224,Arun,E07000224,Arun,E07000224,Arun,E07000224,Arun,E07000224,Arun,E07000224
Chichester,E07000225,Chichester,E07000225,Chichester,E07000225,Chichester,E07000225,Chichester,E07000225,Chichester,E07000225
Crawley,E07000226,Crawley,E07000226,Crawley,E07000226,Crawley,E07000226,Crawley,E07000226,Crawley,E07000226
Horsham,E07000227,Horsham,E07000227,Horsham,E07000227,Horsham,E07000227,Horsham,E07000227,Horsham,E07000227
Mid Sussex,E07000228,Mid Sussex,E07000228,Mid Sussex,E07000228,Mid Sussex,E07000228,Mid Sussex,E07000228,Mid Sussex,E07000228
Worthing,E07000229,Worthing,E07000229,Worthing,E07000229,Worthing,E07000229,Worthing,E07000229,Worthing,E07000229
Bromsgrove,E07000234,Bromsgrove,E07000234,Bromsgrove,E07000234,Bromsgrove,E07000234,Bromsgrove,E07000234,Bromsgrove,E07000234
Malvern Hills,E07000235,Malvern Hills,E07000235,Malvern Hills,E07000235,Malvern Hills,E07000235,Malvern Hills,E07000235,Malvern Hills,E07000235
Redditch,E07000236,Redditch,E07000236,Redditch,E07000236,Redditch,E07000236,Redditch,E07000236,Redditch,E07000236
Worcester,E07000237,Worcester,E07000237,Worcester,E07000237,Worcester,E07000237,Worcester,E07000237,Worcester,E07000237
Wychavon,E07000238,Wychavon,E07000238,Wychavon,E07000238,Wychavon,E07000238,Wychavon,E07000238,Wychavon,E07000238
Wyre Forest,E07000239,Wyre Forest,E07000239,Wyre Forest,E07000239,Wyre Forest,E07000239,Wyre Forest,E07000239,Wyre Forest,E07000239
Bolton,E08000001,Bolton,E08000001,Bolton,E08000001,Bolton,E08000001,Bolton,E08000001,Bolton,E08000001
Bury,E08000002,Bury,E08000002,Bury,E08000002,Bury,E08000002,Bury,E08000002,Bury,E08000002
Manchester,E08000003,Manchester,E08000003,Manchester,E08000003,Manchester,E08000003,Manchester,E08000003,Manchester,E08000003
Oldham,E08000004,Oldham,E08000004,Oldham,E08000004,Oldham,E08000004,Oldham,E08000004,Oldham,E08000004
Rochdale,E08000005,Rochdale,E08000005,Rochdale,E08000005,Rochdale,E08000005,Rochdale,E08000005,Rochdale,E08000005
Salford,E08000006,Salford,E08000006,Salford,E08000006,Salford,E08000006,Salford,E08000006,Salford,E08000006
Stockport,E08000007,Stockport,E08000007,Stockport,E08000007,Stockport,E08000007,Stockport,E08000007,Stockport,E08000007
Tameside,E08000008,Tameside,E08000008,Tameside,E08000008,Tameside,E08000008,Tameside,E08000008,Tameside,E08000008
Trafford,E08000009,Trafford,E08000009,Trafford,E08000009,Trafford,E08000009,Trafford,E08000009,Trafford,E08000009
Wigan,E08000010,Wigan,E08000010,Wigan,E08000010,Wigan,E08000010,Wigan,E08000010,Wigan,E08000010
Knowsley,E08000011,Knowsley,E08000011,Knowsley,E08000011,Knowsley,E08000011,Knowsley,E08000011,Knowsley,E08000011
Liverpool,E08000012,Liverpool,E08000012,Liverpool,E08000012,Liverpool,E08000012,Liverpool,E08000012,Liverpool,E08000012
St. Helens,E08000013,St. Helens,E08000013,St. Helens,E08000013,St. Helens,E08000013,St. Helens,E08000013,St. Helens,E08000013
Sefton,E08000014,Sefton,E08000014,Sefton,E08000014,Sefton,E08000014,Sefton,E08000014,Sefton,E08000014
Wirral,E08000015,Wirral,E08000015,Wirral,E08000015,Wirral,E08000015,Wirral,E08000015,Wirral,E08000015
Barnsley,E08000016,Barnsley,E08000016,Barnsley,E08000016,Barnsley,E08000016,Barnsley,E08000016,Barnsley,E08000016
Doncaster,E08000017,Doncaster,E08000017,Doncaster,E08000017,Doncaster,E08000017,Doncaster,E08000017,Doncaster,E08000017
Rotherham,E08000018,Rotherham,E08000018,Rotherham,E08000018,Rotherham,E08000018,Rotherham,E08000018,Rotherham,E08000018
Sheffield,E08000019,Sheffield,E08000019,Sheffield,E08000019,Sheffield,E08000019,Sheffield,E08000019,Sheffield,E08000019
Gateshead,E08000020,Gateshead,E08000020,Gateshead,E08000037,Gateshead,E08000037,Gateshead,E08000037,Gateshead,E08000037
Newcastle upon Tyne,E08000021,Newcastle upon Tyne,E08000021,Newcastle upon Tyne,E08000021,Newcastle upon Tyne,E08000021,Newcastle upon Tyne,E08000021,Newcastle upon Tyne,E08000021
North Tyneside,E08000022,North Tyneside,E08000022,North Tyneside,E08000022,North Tyneside,E08000022,North Tyneside,E08000022,North Tyneside,E08000022
South Tyneside,E08000023,South Tyneside,E08000023,South Tyneside,E08000023,South Tyneside,E08000023,South Tyneside,E08000023,South Tyneside,E08000023
Sunderland,E08000024,Sunderland,E08000024,Sunderland,E08000024,Sunderland,E08000024,Sunderland,E08000024,Sunderland,E08000024
Birmingham,E08000025,Birmingham,E08000025,Birmingham,E08000025,Birmingham,E08000025,Birmingham,E08000025,Birmingham,E08000025
Coventry,E08000026,Coventry,E08000026,Coventry,E08000026,Coventry,E08000026,Coventry,E08000026,Coventry,E08000026
Dudley,E08000027,Dudley,E08000027,Dudley,E08000027,Dudley,E08000027,Dudley,E08000027,Dudley,E08000027
Sandwell,E08000028,Sandwell,E08000028,Sandwell,E08000028,Sandwell,E08000028,Sandwell,E08000028,Sandwell,E08000028
Solihull,E08000029,Solihull,E08000029,Solihull,E08000029,Solihull,E08000029,Solihull,E08000029,Solihull,E08000029
Walsall,E08000030,Walsall,E08000030,Walsall,E08000030,Walsall,E08000030,Walsall,E08000030,Walsall,E08000030
Wolverhampton,E08000031,Wolverhampton,E08000031,Wolverhampton,E08000031,Wolverhampton,E08000031,Wolverhampton,E08000031,Wolverhampton,E08000031
Bradford,E08000032,Bradford,E08000032,Bradford,E08000032,Bradford,E08000032,Bradford,E08000032,Bradford,E08000032
Calderdale,E08000033,Calderdale,E08000033,Calderdale,E08000033,Calderdale,E08000033,Calderdale,E08000033,Calderdale,E08000033
Kirklees,E08000034,Kirklees,E08000034,Kirklees,E08000034,Kirklees,E08000034,Kirklees,E08000034,Kirklees,E08000034
Leeds,E08000035,Leeds,E08000035,Leeds,E08000035,Leeds,E08000035,Leeds,E08000035,Leeds,E08000035
Wakefield,E08000036,Wakefield,E08000036,Wakefield,E08000036,Wakefield,E08000036,Wakefield,E08000036,Wakefield,E08000036
City of London,E09000001,"City of London,Westminster",E41000324,City of London,E09000001,City of London,E09000001,City of London,E09000001,City of London,E09000001
Barking and Dagenham,E09000002,Barking and Dagenham,E09000002,Barking and Dagenham,E09000002,Barking and Dagenham,E09000002,Barking and Dagenham,E09000002,Barking and Dagenham,E09000002
Barnet,E09000003,Barnet,E09000003,Barnet,E09000003,Barnet,E09000003,Barnet,E09000003,Barnet,E09000003
Bexley,E09000004,Bexley,E09000004,Bexley,E09000004,Bexley,E09000004,Bexley,E09000004,Bexley,E09000004
Brent,E09000005,Brent,E09000005,Brent,E09000005,Brent,E09000005,Brent,E09000005,Brent,E09000005
Bromley,E09000006,Bromley,E09000006,Bromley,E09000006,Bromley,E09000006,Bromley,E09000006,Bromley,E09000006
Camden,E09000007,Camden,E09000007,Camden,E09000007,Camden,E09000007,Camden,E09000007,Camden,E09000007
Croydon,E09000008,Croydon,E09000008,Croydon,E09000008,Croydon,E09000008,Croydon,E09000008,Croydon,E09000008
Ealing,E09000009,Ealing,E09000009,Ealing,E09000009,Ealing,E09000009,Ealing,E09000009,Ealing,E09000009
Enfield,E09000010,Enfield,E09000010,Enfield,E09000010,Enfield,E09000010,Enfield,E09000010,Enfield,E09000010
Greenwich,E09000011,Greenwich,E09000011,Greenwich,E09000011,Greenwich,E09000011,Greenwich,E09000011,Greenwich,E09000011
Hackney,E09000012,Hackney,E09000012,Hackney,E09000012,Hackney,E09000012,Hackney,E09000012,Hackney,E09000012
Hammersmith and Fulham,E09000013,Hammersmith and Fulham,E09000013,Hammersmith and Fulham,E09000013,Hammersmith and Fulham,E09000013,Hammersmith and Fulham,E09000013,Hammersmith and Fulham,E09000013
Haringey,E09000014,Haringey,E09000014,Haringey,E09000014,Haringey,E09000014,Haringey,E09000014,Haringey,E09000014
Harrow,E09000015,Harrow,E09000015,Harrow,E09000015,Harrow,E09000015,Harrow,E09000015,Harrow,E09000015
Havering,E09000016,Havering,E09000016,Havering,E09000016,Havering,E09000016,Havering,E09000016,Havering,E09000016
Hillingdon,E09000017,Hillingdon,E09000017,Hillingdon,E09000017,Hillingdon,E09000017,Hillingdon,E09000017,Hillingdon,E09000017
Hounslow,E09000018,Hounslow,E09000018,Hounslow,E09000018,Hounslow,E09000018,Hounslow,E09000018,Hounslow,E09000018
Islington,E09000019,Islington,E09000019,Islington,E09000019,Islington,E09000019,Islington,E09000019,Islington,E09000019
Kensington and Chelsea,E09000020,Kensington and Chelsea,E09000020,Kensington and Chelsea,E09000020,Kensington and Chelsea,E09000020,Kensington and Chelsea,E09000020,Kensington and Chelsea,E09000020
Kingston upon Thames,E09000021,Kingston upon Thames,E09000021,Kingston upon Thames,E09000021,Kingston upon Thames,E09000021,Kingston upon Thames,E09000021,Kingston upon Thames,E09000021
Lambeth,E09000022,Lambeth,E09000022,Lambeth,E09000022,Lambeth,E09000022,Lambeth,E09000022,Lambeth,E09000022
Lewisham,E09000023,Lewisham,E09000023,Lewisham,E09000023,Lewisham,E09000023,Lewisham,E09000023,Lewisham,E09000023
Merton,E09000024,Merton,E09000024,Merton,E09000024,Merton,E09000024,Merton,E09000024,Merton,E09000024
Newham,E09000025,Newham,E09000025,Newham,E09000025,Newham,E09000025,Newham,E09000025,Newham,E09000025
Redbridge,E09000026,Redbridge,E09000026,Redbridge,E09000026,Redbridge,E09000026,Redbridge,E09000026,Redbridge,E09000026
Richmond upon Thames,E09000027,Richmond upon Thames,E09000027,Richmond upon Thames,E09000027,Richmond upon Thames,E09000027,Richmond upon Thames,E09000027,Richmond upon Thames,E09000027
Southwark,E09000028,Southwark,E09000028,Southwark,E09000028,Southwark,E09000028,Southwark,E09000028,Southwark,E09000028
Sutton,E09000029,Sutton,E09000029,Sutton,E09000029,Sutton,E09000029,Sutton,E09000029,Sutton,E09000029
Tower Hamlets,E09000030,Tower Hamlets,E09000030,Tower Hamlets,E09000030,Tower Hamlets,E09000030,Tower Hamlets,E09000030,Tower Hamlets,E09000030
Waltham Forest,E09000031,Waltham Forest,E09000031,Waltham Forest,E09000031,Waltham Forest,E09000031,Waltham Forest,E09000031,Waltham Forest,E09000031
Wandsworth,E09000032,Wandsworth,E09000032,Wandsworth,E09000032,Wandsworth,E09000032,Wandsworth,E09000032,Wandsworth,E09000032
Westminster,E09000033,"City of London,Westminster",E41000324,Westminster,E09000033,Westminster,E09000033,Westminster,E09000033,Westminster,E09000033
Clackmannanshire,S12000005,Clackmannanshire,S12000005,Clackmannanshire,S12000005,Clackmannanshire,S12000005,Clackmannanshire,S12000005,Clackmannanshire,S12000005
Dumfries and Galloway,S12000006,Dumfries and Galloway,S12000006,Dumfries and Galloway,S12000006,Dumfries and Galloway,S12000006,Dumfries and Galloway,S12000006,Dumfries and Galloway,S12000006
East Ayrshire,S12000008,East Ayrshire,S12000008,East Ayrshire,S12000008,East Ayrshire,S12000008,East Ayrshire,S12000008,East Ayrshire,S12000008
East Lothian,S12000010,East Lothian,S12000010,East Lothian,S12000010,East Lothian,S12000010,East Lothian,S12000010,East Lothian,S12000010
East Renfrewshire,S12000011,East Renfrewshire,S12000011,East Renfrewshire,S12000011,East Renfrewshire,S12000011,East Renfrewshire,S12000011,East Renfrewshire,S12000011
Eilean Siar,S12000013,Eilean Siar,S12000013,Na h-Eileanan Siar,S12000013,Na h-Eileanan Siar,S12000013,Na h-Eileanan Siar,S12000013,Na h-Eileanan Siar,S12000013
Falkirk,S12000014,Falkirk,S12000014,Falkirk,S12000014,Falkirk,S12000014,Falkirk,S12000014,Falkirk,S12000014
Fife,S12000015,Fife,S12000015,Fife,S12000015,Fife,S12000015,Fife,S12000015,Fife,S12000047
Highland,S12000017,Highland,S12000017,Highland,S12000017,Highland,S12000017,Highland,S12000017,Highland,S12000017
Inverclyde,S12000018,Inverclyde,S12000018,Inverclyde,S12000018,Inverclyde,S12000018,Inverclyde,S12000018,Inverclyde,S12000018
Midlothian,S12000019,Midlothian,S12000019,Midlothian,S12000019,Midlothian,S12000019,Midlothian,S12000019,Midlothian,S12000019
Moray,S12000020,Moray,S12000020,Moray,S12000020,Moray,S12000020,Moray,S12000020,Moray,S12000020
North Ayrshire,S12000021,North Ayrshire,S12000021,North Ayrshire,S12000021,North Ayrshire,S12000021,North Ayrshire,S12000021,North Ayrshire,S12000021
Orkney Islands,S12000023,Orkney Islands,S12000023,Orkney Islands,S12000023,Orkney Islands,S12000023,Orkney Islands,S12000023,Orkney Islands,S12000023
Perth & Kinross,S12000024,Perth & Kinross,S12000024,Perth and Kinross,S12000024,Perth and Kinross,S12000024,Perth and Kinross,S12000024,Perth and Kinross,S12000048
Scottish Borders,S12000026,Scottish Borders,S12000026,Scottish Borders,S12000026,Scottish Borders,S12000026,Scottish Borders,S12000026,Scottish Borders,S12000026
Shetland Islands,S12000027,Shetland Islands,S12000027,Shetland Islands,S12000027,Shetland Islands,S12000027,Shetland Islands,S12000027,Shetland Islands,S12000027
South Ayrshire,S12000028,South Ayrshire,S12000028,South Ayrshire,S12000028,South Ayrshire,S12000028,South Ayrshire,S12000028,South Ayrshire,S12000028
South Lanarkshire,S12000029,South Lanarkshire,S12000029,South Lanarkshire,S12000029,South Lanarkshire,S12000029,South Lanarkshire,S12000029,South Lanarkshire,S12000029
Stirling,S12000030,Stirling,S12000030,Stirling,S12000030,Stirling,S12000030,Stirling,S12000030,Stirling,S12000030
Aberdeen City,S12000033,Aberdeen City,S12000033,Aberdeen City,S12000033,Aberdeen City,S12000033,Aberdeen City,S12000033,Aberdeen City,S12000033
Aberdeenshire,S12000034,Aberdeenshire,S12000034,Aberdeenshire,S12000034,Aberdeenshire,S12000034,Aberdeenshire,S12000034,Aberdeenshire,S12000034
Argyll and Bute,S12000035,Argyll and Bute,S12000035,Argyll and Bute,S12000035,Argyll and Bute,S12000035,Argyll and Bute,S12000035,Argyll and Bute,S12000035
"Edinburgh, City of",S12000036,"Edinburgh, City of",S12000036,City of Edinburgh,S12000036,City of Edinburgh,S12000036,City of Edinburgh,S12000036,City of Edinburgh,S12000036
Renfrewshire,S12000038,Renfrewshire,S12000038,Renfrewshire,S12000038,Renfrewshire,S12000038,Renfrewshire,S12000038,Renfrewshire,S12000038
West Dunbartonshire,S12000039,West Dunbartonshire,S12000039,West Dunbartonshire,S12000039,West Dunbartonshire,S12000039,West Dunbartonshire,S12000039,West Dunbartonshire,S12000039
West Lothian,S12000040,West Lothian,S12000040,West Lothian,S12000040,West Lothian,S12000040,West Lothian,S12000040,West Lothian,S12000040
Angus,S12000041,Angus,S12000041,Angus,S12000041,Angus,S12000041,Angus,S12000041,Angus,S12000041
Dundee City,S12000042,Dundee City,S12000042,Dundee City,S12000042,Dundee City,S12000042,Dundee City,S12000042,Dundee City,S12000042
North Lanarkshire,S12000044,North Lanarkshire,S12000044,North Lanarkshire,S12000044,North Lanarkshire,S12000044,North Lanarkshire,S12000044,North Lanarkshire,S12000044
East Dunbartonshire,S12000045,East Dunbartonshire,S12000045,East Dunbartonshire,S12000045,East Dunbartonshire,S12000045,East Dunbartonshire,S12000045,East Dunbartonshire,S12000045
Glasgow City,S12000046,Glasgow City,S12000046,Glasgow City,S12000046,Glasgow City,S12000046,Glasgow City,S12000046,Glasgow City,S12000046
Isle of Anglesey,W06000001,Isle of Anglesey,W06000001,Isle of Anglesey,W06000001,Isle of Anglesey,W06000001,Isle of Anglesey,W06000001,Isle of Anglesey,W06000001
Gwynedd,W06000002,Gwynedd,W06000002,Gwynedd,W06000002,Gwynedd,W06000002,Gwynedd,W06000002,Gwynedd,W06000002
Conwy,W06000003,Conwy,W06000003,Conwy,W06000003,Conwy,W06000003,Conwy,W06000003,Conwy,W06000003
Denbighshire,W06000004,Denbighshire,W06000004,Denbighshire,W06000004,Denbighshire,W06000004,Denbighshire,W06000004,Denbighshire,W06000004
Flintshire,W06000005,Flintshire,W06000005,Flintshire,W06000005,Flintshire,W06000005,Flintshire,W06000005,Flintshire,W06000005
Wrexham,W06000006,Wrexham,W06000006,Wrexham,W06000006,Wrexham,W06000006,Wrexham,W06000006,Wrexham,W06000006
Ceredigion,W06000008,Ceredigion,W06000008,Ceredigion,W06000008,Ceredigion,W06000008,Ceredigion,W06000008,Ceredigion,W06000008
Pembrokeshire,W06000009,Pembrokeshire,W06000009,Pembrokeshire,W06000009,Pembrokeshire,W06000009,Pembrokeshire,W06000009,Pembrokeshire,W06000009
Carmarthenshire,W06000010,Carmarthenshire,W06000010,Carmarthenshire,W06000010,Carmarthenshire,W06000010,Carmarthenshire,W06000010,Carmarthenshire,W06000010
Swansea,W06000011,Swansea,W06000011,Swansea,W06000011,Swansea,W06000011,Swansea,W06000011,Swansea,W06000011
Neath Port Talbot,W06000012,Neath Port Talbot,W06000012,Neath Port Talbot,W06000012,Neath Port Talbot,W06000012,Neath Port Talbot,W06000012,Neath Port Talbot,W06000012
Bridgend,W06000013,Bridgend,W06000013,Bridgend,W06000013,Bridgend,W06000013,Bridgend,W06000013,Bridgend,W06000013
The Vale of Glamorgan,W06000014,The Vale of Glamorgan,W06000014,Vale of Glamorgan,W06000014,Vale of Glamorgan,W06000014,Vale of Glamorgan,W06000014,Vale of Glamorgan,W06000014
Cardiff,W06000015,Cardiff,W06000015,Cardiff,W06000015,Cardiff,W06000015,Cardiff,W06000015,Cardiff,W06000015
Rhondda Cynon Taf,W06000016,Rhondda Cynon Taf,W06000016,Rhondda Cynon Taf,W06000016,Rhondda Cynon Taf,W06000016,Rhondda Cynon Taf,W06000016,Rhondda Cynon Taf,W06000016
Caerphilly,W06000018,Caerphilly,W06000018,Caerphilly,W06000018,Caerphilly,W06000018,Caerphilly,W06000018,Caerphilly,W06000018
Blaenau Gwent,W06000019,Blaenau Gwent,W06000019,Blaenau Gwent,W06000019,Blaenau Gwent,W06000019,Blaenau Gwent,W06000019,Blaenau Gwent,W06000019
Torfaen,W06000020,Torfaen,W06000020,Torfaen,W06000020,Torfaen,W06000020,Torfaen,W06000020,Torfaen,W06000020
Monmouthshire,W06000021,Monmouthshire,W06000021,Monmouthshire,W06000021,Monmouthshire,W06000021,Monmouthshire,W06000021,Monmouthshire,W06000021
Newport,W06000022,Newport,W06000022,Newport,W06000022,Newport,W06000022,Newport,W06000022,Newport,W06000022
Powys,W06000023,Powys,W06000023,Powys,W06000023,Powys,W06000023,Powys,W06000023,Powys,W06000023
Merthyr Tydfil,W06000024,Merthyr Tydfil,W06000024,Merthyr Tydfil,W06000024,Merthyr Tydfil,W06000024,Merthyr Tydfil,W06000024,Merthyr Tydfil,W06000024
