name,build_year
congestionCharging,2015
congestionCharging2,2015
roadDevelopmentB3.1,2030
roadDevelopmentB3.2,2030
roadDevelopmentB3.3,2030
roadDevelopmentB3.4,2030
roadDevelopmentB3.5,2030
roadDevelopmentB3.6,2030
roadDevelopmentB3.7,2030
roadDevelopmentB3.8,2030
roadExpansionB3.1a,2030
roadExpansionB3.1b,2030
roadExpansionB3.2a,2030
roadExpansionB3.2b,2030
roadExpansionB3.3a,2030
roadExpansionB3.3b,2030
roadExpansionB3.4a,2030
roadExpansionB3.4b,2030
roadExpansionB3.14a,2030
roadExpansionB3.14b,2030
roadExpansionB3.15a,2030
roadExpansionB3.15b,2030
roadExpansionB3.16a,2030
roadExpansionB3.16b,2030
winslowRailStation,2030
